{"MRE": 0.7200162440290336, "MAE": 22.058823529411764, "MSE": 41.80885542749123}