{"MRE": 0.7500229410947423, "MAE": 21.96, "MSE": 45.66267622468048}