{"MRE": 1.502145919040961, "MAE": 18.372549019607842, "MSE": 27.069626999320715}