{"MRE": 0.7604123263867948, "MAE": 23.058823529411764, "MSE": 44.385565574548544}