{"MRE": 1.2566593243691726, "MAE": 24.45098039215686, "MSE": 48.223133330750024}