{"MRE": 0.8751947420505384, "MAE": 17.274509803921568, "MSE": 28.45464226917405}