{"MRE": 0.79559459033007, "MAE": 20.49019607843137, "MSE": 35.077784713293354}