{"MRE": 0.5073473993741718, "MAE": 24.88235294117647, "MSE": 42.946615288121166}