{"MRE": 1.381599880974586, "MAE": 19.352941176470587, "MSE": 29.142987586899807}