{"MRE": 1.3829442897905941, "MAE": 23.46, "MSE": 43.16039851530567}